{
	"info": {
		"_postman_id": "561f3e8f-acc9-4909-8157-c69353630e95",
		"name": "The Good Bank APIs",
		"description": "This collection contains the APIs that power The Good Bank's client website and internal service portals.\n\nProceed with caution!",
		"schema": "https://schema.getpostman.com/json/collection/v2.1.0/collection.json"
	},
	"item": [
		{
			"name": "Health",
			"item": [
				{
					"name": "Ping",
					"request": {
						"method": "GET",
						"header": [],
						"url": {
							"raw": "{{host}}",
							"host": [
								"{{host}}"
							]
						}
					},
					"response": []
				}
			]
		},
		{
			"name": "Bank User",
			"item": [
				{
					"name": "Authentication",
					"item": [
						{
							"name": "Update User Information",
							"request": {
								"method": "PUT",
								"header": [],
								"body": {
									"mode": "raw",
									"raw": "{\n    \"email_id\": \"kmmanoj96@gulbank.com\",\n    \"phone\": \"+91 9876543210\"\n}",
									"options": {
										"raw": {
											"language": "json"
										}
									}
								},
								"url": {
									"raw": "{{host}}/user",
									"host": [
										"{{host}}"
									],
									"path": [
										"user"
									]
								},
								"description": "Authenticated users can update their user information."
							},
							"response": []
						},
						{
							"name": "Get User Information",
							"request": {
								"method": "GET",
								"header": [],
								"url": {
									"raw": "{{host}}/user",
									"host": [
										"{{host}}"
									],
									"path": [
										"user"
									]
								},
								"description": "Authenticated users can fetch their user information."
							},
							"response": []
						},
						{
							"name": "User Change Password",
							"request": {
								"method": "POST",
								"header": [],
								"body": {
									"mode": "raw",
									"raw": "{\n    \"username\": \"\",\n    \"old_password\": \"\",\n    \"new_password\": \"\"\n}",
									"options": {
										"raw": {
											"language": "json"
										}
									}
								},
								"url": {
									"raw": "{{host}}/user/change-password",
									"host": [
										"{{host}}"
									],
									"path": [
										"user",
										"change-password"
									]
								},
								"description": "This API is used to update the user password. The user must be authenticated and must remember the current password to update."
							},
							"response": []
						},
						{
							"name": "User Logout",
							"request": {
								"method": "GET",
								"header": [],
								"url": {
									"raw": "{{host}}/user/logout",
									"host": [
										"{{host}}"
									],
									"path": [
										"user",
										"logout"
									]
								},
								"description": "This API revokes an active user session."
							},
							"response": []
						}
					],
					"auth": {
						"type": "apikey",
						"apikey": [
							{
								"key": "value",
								"value": "{{session_token}}",
								"type": "string"
							},
							{
								"key": "key",
								"value": "X-API-key",
								"type": "string"
							}
						]
					},
					"event": [
						{
							"listen": "prerequest",
							"script": {
								"type": "text/javascript",
								"exec": [
									""
								]
							}
						},
						{
							"listen": "test",
							"script": {
								"type": "text/javascript",
								"exec": [
									""
								]
							}
						}
					]
				},
				{
					"name": "Create User",
					"request": {
						"method": "POST",
						"header": [],
						"body": {
							"mode": "raw",
							"raw": "{\n    \"username\": \"kmmanoj96001\",\n    \"password\": \"kmmanoj96001pass\"\n}",
							"options": {
								"raw": {
									"language": "json"
								}
							}
						},
						"url": {
							"raw": "{{host}}/user",
							"host": [
								"{{host}}"
							],
							"path": [
								"user"
							]
						},
						"description": "Register a new user with The Good Bank. The username must be unique."
					},
					"response": []
				},
				{
					"name": "User Login",
					"event": [
						{
							"listen": "test",
							"script": {
								"exec": [
									"pm.test(\"Status code is 200\", function () {",
									"    pm.response.to.have.status(200);",
									"    ",
									"    var jsonData = pm.response.json();",
									"    ",
									"    let session_token = jsonData.response.session_token;",
									"    pm.environment.set(\"session_token\", session_token);",
									"",
									"    let user_id = jsonData.response.user_id;",
									"    pm.environment.set(\"user_id\", user_id);",
									"});"
								],
								"type": "text/javascript"
							}
						}
					],
					"request": {
						"method": "POST",
						"header": [],
						"body": {
							"mode": "raw",
							"raw": "{\n    \"username\": \"kmmanoj96001\",\n    \"password\": \"kmmanoj96001pass\"\n}",
							"options": {
								"raw": {
									"language": "json"
								}
							}
						},
						"url": {
							"raw": "{{host}}/user/login",
							"host": [
								"{{host}}"
							],
							"path": [
								"user",
								"login"
							]
						}
					},
					"response": []
				}
			],
			"description": "This folder contains APIs to manage users of The Good Bank."
		},
		{
			"name": "Bank Account",
			"item": [
				{
					"name": "Account summary",
					"request": {
						"method": "GET",
						"header": [],
						"url": {
							"raw": "{{host}}/account/{{user_id}}/summary",
							"host": [
								"{{host}}"
							],
							"path": [
								"account",
								"{{user_id}}",
								"summary"
							]
						},
						"description": "Fetch account summary for a single user."
					},
					"response": []
				},
				{
					"name": "Account transactions",
					"request": {
						"method": "GET",
						"header": [],
						"url": {
							"raw": "{{host}}/account/transactions?limit=10&filter=",
							"host": [
								"{{host}}"
							],
							"path": [
								"account",
								"transactions"
							],
							"query": [
								{
									"key": "limit",
									"value": "10",
									"description": "number of transactions to display"
								},
								{
									"key": "filter",
									"value": "",
									"description": "Search string to filter on transaction party"
								}
							]
						},
						"description": "Fetch transactions for a single account."
					},
					"response": []
				}
			],
			"description": "This folder contains the APIs that deals with user account and transactions.",
			"auth": {
				"type": "apikey",
				"apikey": [
					{
						"key": "value",
						"value": "{{session_token}}",
						"type": "string"
					},
					{
						"key": "key",
						"value": "X-API-key",
						"type": "string"
					}
				]
			},
			"event": [
				{
					"listen": "prerequest",
					"script": {
						"type": "text/javascript",
						"exec": [
							""
						]
					}
				},
				{
					"listen": "test",
					"script": {
						"type": "text/javascript",
						"exec": [
							""
						]
					}
				}
			]
		},
		{
			"name": "Bank Admin",
			"item": [
				{
					"name": "Our customers",
					"request": {
						"method": "GET",
						"header": [],
						"url": {
							"raw": "{{host}}/people/customers",
							"host": [
								"{{host}}"
							],
							"path": [
								"people",
								"customers"
							]
						}
					},
					"response": []
				},
				{
					"name": "Credit amount",
					"request": {
						"method": "POST",
						"header": [],
						"body": {
							"mode": "raw",
							"raw": "{\n    \"user_id\": \"user-id\",\n    \"transaction_party\": \"nowhere\",\n    \"transaction_amount\": 100\n}",
							"options": {
								"raw": {
									"language": "json"
								}
							}
						},
						"url": {
							"raw": "{{host}}/admin/credit",
							"host": [
								"{{host}}"
							],
							"path": [
								"admin",
								"credit"
							]
						},
						"description": "To be used by the bank tellers to cash checks, receive deposits, savings account transactions among other things."
					},
					"response": []
				},
				{
					"name": "Debit amount",
					"request": {
						"method": "POST",
						"header": [],
						"body": {
							"mode": "raw",
							"raw": "{\n    \"user_id\": \"user-id\",\n    \"transaction_party\": \"somwhere\",\n    \"transaction_amount\": 100\n}",
							"options": {
								"raw": {
									"language": "json"
								}
							}
						},
						"url": {
							"raw": "{{host}}/admin/debit",
							"host": [
								"{{host}}"
							],
							"path": [
								"admin",
								"debit"
							]
						},
						"description": "To be used by the bank tellers to cash checks, receive deposits, savings account transactions among other things."
					},
					"response": []
				}
			],
			"description": "This folder contains APIs used by bank administration. To provide support to customer in case of an issue.",
			"auth": {
				"type": "apikey",
				"apikey": [
					{
						"key": "value",
						"value": "{{session_token}}",
						"type": "string"
					},
					{
						"key": "key",
						"value": "X-API-key",
						"type": "string"
					}
				]
			},
			"event": [
				{
					"listen": "prerequest",
					"script": {
						"type": "text/javascript",
						"exec": [
							""
						]
					}
				},
				{
					"listen": "test",
					"script": {
						"type": "text/javascript",
						"exec": [
							""
						]
					}
				}
			]
		}
	]
}